{"initial_reset_timestamp": 1566229381.0680108, "timestamps": [1566229383.6559181, 1566229386.5609488, 1566229396.5373518, 1566229399.4093542, 1566229402.0995169, 1566229404.3740554, 1566229409.33477, 1566229411.5926874, 1566229416.1503966, 1566229417.8300483], "episode_lengths": [23, 29, 150, 31, 28, 21, 66, 21, 57, 11], "episode_rewards": [3.4480106830596924, 1.8529950380325317, 1.437631607055664, 2.1668500900268555, 1.6977589130401611, 4.402126789093018, 3.762697458267212, 1.3299167156219482, 3.348484992980957, 2.8190152645111084], "episode_types": ["t", "t", "t", "t", "t", "t", "t", "t", "t", "t"]}