{"initial_reset_timestamp": 1566752866.0650837, "timestamps": [1566752869.431205, 1566752874.847735, 1566752890.8673134, 1566752894.9355369, 1566752905.7945466, 1566752910.8703227, 1566752914.5698314, 1566752921.985739, 1566752925.7031453, 1566752928.2841399], "episode_lengths": [37, 72, 251, 51, 165, 68, 45, 107, 44, 26], "episode_rewards": [1.7210926450788975, 3.515505968593061, -1.003999930806458, 0.5349595565348864, -0.6599999545142055, 2.968680049292743, 2.273399006575346, 0.9068391863256693, 4.271052303723991, 1.7295077154412866], "episode_types": ["t", "t", "t", "t", "t", "t", "t", "t", "t", "t"]}