{"initial_reset_timestamp": 1564099954.319485, "timestamps": [1564099960.2926254], "episode_lengths": [2688], "episode_rewards": [16.0], "episode_types": ["t"]}